[{"type":"LEC/STUDIO","group":"1","day":"SAT","time":{"full":"0900-1100","start":"0900","end":"1100","duration":2},"location":"LKC-LT","flag":2,"remarks":"Teaching Wk1,12","ModCode":"AB1601","ModName":"ORGANISATIONAL BEHAVIOUR & DESIGN*"},{"type":"LEC/STUDIO","group":"1","day":"SAT","time":{"full":"0900-1100","start":"0900","end":"1100","duration":2},"location":"LKC-LT","flag":2,"remarks":"Teaching Wk1,12","ModCode":"AB1601","ModName":"ORGANISATIONAL BEHAVIOUR & DESIGN*"},{"type":"LEC/STUDIO","group":"1","day":"SAT","time":{"full":"0900-1100","start":"0900","end":"1100","duration":2},"location":"LKC-LT","flag":2,"remarks":"Teaching Wk1,12","ModCode":"AB1601","ModName":"ORGANISATIONAL BEHAVIOUR & DESIGN*"},{"type":"LEC/STUDIO","group":"1","day":"SAT","time":{"full":"0900-1100","start":"0900","end":"1100","duration":2},"location":"LKC-LT","flag":2,"remarks":"Teaching Wk1,12","ModCode":"AB1601","ModName":"ORGANISATIONAL BEHAVIOUR & DESIGN*"},{"type":"LEC/STUDIO","group":"1","day":"SAT","time":{"full":"0900-1100","start":"0900","end":"1100","duration":2},"location":"LKC-LT","flag":2,"remarks":"Teaching Wk1,12","ModCode":"AB1601","ModName":"ORGANISATIONAL BEHAVIOUR & DESIGN*"},{"type":"LEC/STUDIO","group":"1","day":"SAT","time":{"full":"0900-1100","start":"0900","end":"1100","duration":2},"location":"LKC-LT","flag":2,"remarks":"Teaching Wk1,12","ModCode":"AB1601","ModName":"ORGANISATIONAL BEHAVIOUR & DESIGN*"},{"type":"LEC/STUDIO","group":"1","day":"SAT","time":{"full":"0900-1100","start":"0900","end":"1100","duration":2},"location":"LKC-LT","flag":2,"remarks":"Teaching Wk1,12","ModCode":"AB1601","ModName":"ORGANISATIONAL BEHAVIOUR & DESIGN*"},{"type":"LEC/STUDIO","group":"1","day":"SAT","time":{"full":"0900-1100","start":"0900","end":"1100","duration":2},"location":"LKC-LT","flag":2,"remarks":"Teaching Wk1,12","ModCode":"AB1601","ModName":"ORGANISATIONAL BEHAVIOUR & DESIGN*"},{"type":"LEC/STUDIO","group":"1","day":"SAT","time":{"full":"0900-1100","start":"0900","end":"1100","duration":2},"location":"LKC-LT","flag":2,"remarks":"Teaching Wk1,12","ModCode":"AB1601","ModName":"ORGANISATIONAL BEHAVIOUR & DESIGN*"},{"type":"LEC/STUDIO","group":"1","day":"SAT","time":{"full":"0900-1100","start":"0900","end":"1100","duration":2},"location":"LKC-LT","flag":2,"remarks":"Teaching Wk1,12","ModCode":"AB1601","ModName":"ORGANISATIONAL BEHAVIOUR & DESIGN*"},{"type":"LEC/STUDIO","group":"1","day":"SAT","time":{"full":"0900-1100","start":"0900","end":"1100","duration":2},"location":"LKC-LT","flag":2,"remarks":"Teaching Wk1,12","ModCode":"AB1601","ModName":"ORGANISATIONAL BEHAVIOUR & DESIGN*"},{"type":"LEC/STUDIO","group":"1","day":"SAT","time":{"full":"0900-1100","start":"0900","end":"1100","duration":2},"location":"LKC-LT","flag":2,"remarks":"Teaching Wk1,12","ModCode":"AB1601","ModName":"ORGANISATIONAL BEHAVIOUR & DESIGN*"},{"type":"LEC/STUDIO","group":"1","day":"SAT","time":{"full":"0900-1100","start":"0900","end":"1100","duration":2},"location":"LKC-LT","flag":2,"remarks":"Teaching Wk1,12","ModCode":"AB1601","ModName":"ORGANISATIONAL BEHAVIOUR & DESIGN*"},{"type":"LEC/STUDIO","group":"1","day":"SAT","time":{"full":"0900-1100","start":"0900","end":"1100","duration":2},"location":"LKC-LT","flag":2,"remarks":"Teaching Wk1,12","ModCode":"AB1601","ModName":"ORGANISATIONAL BEHAVIOUR & DESIGN*"},{"type":"LEC/STUDIO","group":"1","day":"SAT","time":{"full":"0900-1100","start":"0900","end":"1100","duration":2},"location":"LKC-LT","flag":2,"remarks":"Teaching Wk1,12","ModCode":"AB1601","ModName":"ORGANISATIONAL BEHAVIOUR & DESIGN*"},{"type":"LEC/STUDIO","group":"1","day":"SAT","time":{"full":"0900-1100","start":"0900","end":"1100","duration":2},"location":"LKC-LT","flag":2,"remarks":"Teaching Wk1,12","ModCode":"AB1601","ModName":"ORGANISATIONAL BEHAVIOUR & DESIGN*"},{"type":"LEC/STUDIO","group":"1","day":"SAT","time":{"full":"0900-1100","start":"0900","end":"1100","duration":2},"location":"LKC-LT","flag":2,"remarks":"Teaching Wk1,12","ModCode":"AB1601","ModName":"ORGANISATIONAL BEHAVIOUR & DESIGN*"},{"type":"SEM","group":"2","day":"SAT","time":{"full":"0900-1300","start":"0900","end":"1300","duration":4},"location":"S4-SR4","flag":0,"remarks":"","ModCode":"BF2206","ModName":"WEALTH MANAGEMENT*"},{"type":"SEM","group":"1","day":"SAT","time":{"full":"0900-1300","start":"0900","end":"1300","duration":4},"location":"S3-SR4","flag":0,"remarks":"","ModCode":"BR2202","ModName":"INSURANCE LAW & REGULATIONS*"},{"type":"SEM","group":"1","day":"SAT","time":{"full":"0900-1300","start":"0900","end":"1300","duration":4},"location":"S3-SR6","flag":0,"remarks":"","ModCode":"BR3208","ModName":"OPERATIONAL RISK MANAGEMENT*"},{"type":"SEM","group":"S11","day":"SAT","time":{"full":"1000-1300","start":"1000","end":"1300","duration":3},"location":"CS-TR+8","flag":0,"remarks":"","ModCode":"CS4004","ModName":"FINAL YEAR PROJECT"},{"type":"PRJ","group":"P","day":"SAT","time":{"full":"1200-1600","start":"1200","end":"1600","duration":4},"location":"","flag":0,"remarks":"","ModCode":"CY2001","ModName":"RESEARCH ATTACHMENT 1"},{"type":"PRJ","group":"P","day":"SAT","time":{"full":"1600-2000","start":"1600","end":"2000","duration":4},"location":"","flag":0,"remarks":"","ModCode":"CY2002","ModName":"RESEARCH ATTACHMENT 2"},{"type":"LEC/STUDIO","group":"LE1","day":"SAT","time":{"full":"0900-1600","start":"0900","end":"1600","duration":7},"location":"LHS-TR+48","flag":0,"remarks":"Teaching Wk2","ModCode":"ET9121","ModName":"INTRODUCTION TO ENTREPRENEURSHIP*"},{"type":"LEC/STUDIO","group":"LE1","day":"SAT","time":{"full":"0900-1600","start":"0900","end":"1600","duration":7},"location":"ONLINE","flag":0,"remarks":"Teaching Wk5","ModCode":"ET9121","ModName":"INTRODUCTION TO ENTREPRENEURSHIP*"},{"type":"LEC/STUDIO","group":"LE1","day":"SAT","time":{"full":"0900-1600","start":"0900","end":"1600","duration":7},"location":"ONLINE","flag":0,"remarks":"Teaching Wk3","ModCode":"ET9121","ModName":"INTRODUCTION TO ENTREPRENEURSHIP*"},{"type":"LEC/STUDIO","group":"LE1","day":"SAT","time":{"full":"0900-1600","start":"0900","end":"1600","duration":7},"location":"ONLINE","flag":0,"remarks":"Teaching Wk4","ModCode":"ET9121","ModName":"INTRODUCTION TO ENTREPRENEURSHIP*"},{"type":"LEC/STUDIO","group":"LE1","day":"SAT","time":{"full":"0900-1600","start":"0900","end":"1600","duration":7},"location":"LHS-TR+48","flag":0,"remarks":"Teaching Wk7","ModCode":"ET9121","ModName":"INTRODUCTION TO ENTREPRENEURSHIP*"},{"type":"LEC/STUDIO","group":"LE2","day":"SAT","time":{"full":"0900-1600","start":"0900","end":"1600","duration":7},"location":"HSSSEMRM8","flag":0,"remarks":"Teaching Wk7","ModCode":"ET9121","ModName":"INTRODUCTION TO ENTREPRENEURSHIP*"},{"type":"LEC/STUDIO","group":"LE2","day":"SAT","time":{"full":"0900-1600","start":"0900","end":"1600","duration":7},"location":"ONLINE","flag":0,"remarks":"Teaching Wk4","ModCode":"ET9121","ModName":"INTRODUCTION TO ENTREPRENEURSHIP*"},{"type":"LEC/STUDIO","group":"LE2","day":"SAT","time":{"full":"0900-1600","start":"0900","end":"1600","duration":7},"location":"ONLINE","flag":0,"remarks":"Teaching Wk5","ModCode":"ET9121","ModName":"INTRODUCTION TO ENTREPRENEURSHIP*"},{"type":"LEC/STUDIO","group":"LE2","day":"SAT","time":{"full":"0900-1600","start":"0900","end":"1600","duration":7},"location":"ONLINE","flag":0,"remarks":"Teaching Wk3","ModCode":"ET9121","ModName":"INTRODUCTION TO ENTREPRENEURSHIP*"},{"type":"LEC/STUDIO","group":"LE2","day":"SAT","time":{"full":"0900-1600","start":"0900","end":"1600","duration":7},"location":"HSSSEMRM8","flag":0,"remarks":"Teaching Wk2","ModCode":"ET9121","ModName":"INTRODUCTION TO ENTREPRENEURSHIP*"},{"type":"LEC/STUDIO","group":"LE1","day":"SAT","time":{"full":"0900-1600","start":"0900","end":"1600","duration":7},"location":"HSSSEMRM9","flag":0,"remarks":"Teaching Wk2","ModCode":"ET9122","ModName":"E-STARTUPS & SOCIAL MEDIA STRATEGIES*"},{"type":"LEC/STUDIO","group":"LE1","day":"SAT","time":{"full":"0900-1600","start":"0900","end":"1600","duration":7},"location":"ONLINE","flag":0,"remarks":"Teaching Wk4","ModCode":"ET9122","ModName":"E-STARTUPS & SOCIAL MEDIA STRATEGIES*"},{"type":"LEC/STUDIO","group":"LE1","day":"SAT","time":{"full":"0900-1600","start":"0900","end":"1600","duration":7},"location":"ONLINE","flag":0,"remarks":"Teaching Wk3","ModCode":"ET9122","ModName":"E-STARTUPS & SOCIAL MEDIA STRATEGIES*"},{"type":"LEC/STUDIO","group":"LE1","day":"SAT","time":{"full":"0900-1600","start":"0900","end":"1600","duration":7},"location":"ONLINE","flag":0,"remarks":"Teaching Wk6","ModCode":"ET9122","ModName":"E-STARTUPS & SOCIAL MEDIA STRATEGIES*"},{"type":"LEC/STUDIO","group":"LE1","day":"SAT","time":{"full":"0900-1600","start":"0900","end":"1600","duration":7},"location":"HSSSEMRM9","flag":0,"remarks":"Teaching Wk5","ModCode":"ET9122","ModName":"E-STARTUPS & SOCIAL MEDIA STRATEGIES*"},{"type":"LEC/STUDIO","group":"LE2","day":"SAT","time":{"full":"0900-1600","start":"0900","end":"1600","duration":7},"location":"HSSSEMRM9","flag":0,"remarks":"Teaching Wk6","ModCode":"ET9122","ModName":"E-STARTUPS & SOCIAL MEDIA STRATEGIES*"},{"type":"LEC/STUDIO","group":"LE2","day":"SAT","time":{"full":"0900-1600","start":"0900","end":"1600","duration":7},"location":"ONLINE","flag":0,"remarks":"Teaching Wk9","ModCode":"ET9122","ModName":"E-STARTUPS & SOCIAL MEDIA STRATEGIES*"},{"type":"LEC/STUDIO","group":"LE2","day":"SAT","time":{"full":"0900-1600","start":"0900","end":"1600","duration":7},"location":"HSSSEMRM9","flag":0,"remarks":"Teaching Wk13","ModCode":"ET9122","ModName":"E-STARTUPS & SOCIAL MEDIA STRATEGIES*"},{"type":"LEC/STUDIO","group":"LE2","day":"SAT","time":{"full":"0900-1600","start":"0900","end":"1600","duration":7},"location":"HSSSEMRM9","flag":0,"remarks":"Teaching Wk8","ModCode":"ET9122","ModName":"E-STARTUPS & SOCIAL MEDIA STRATEGIES*"},{"type":"LEC/STUDIO","group":"LE2","day":"SAT","time":{"full":"0900-1600","start":"0900","end":"1600","duration":7},"location":"HSSSEMRM9","flag":0,"remarks":"Teaching Wk10","ModCode":"ET9122","ModName":"E-STARTUPS & SOCIAL MEDIA STRATEGIES*"},{"type":"LEC/STUDIO","group":"LE2","day":"SAT","time":{"full":"0900-1600","start":"0900","end":"1600","duration":7},"location":"HSSSEMRM9","flag":0,"remarks":"Teaching Wk12","ModCode":"ET9122","ModName":"E-STARTUPS & SOCIAL MEDIA STRATEGIES*"},{"type":"LEC/STUDIO","group":"LE2","day":"SAT","time":{"full":"0900-1600","start":"0900","end":"1600","duration":7},"location":"ONLINE","flag":0,"remarks":"Not conducted during Teaching Weeks","ModCode":"ET9122","ModName":"E-STARTUPS & SOCIAL MEDIA STRATEGIES*"},{"type":"LEC/STUDIO","group":"LE","day":"SAT","time":{"full":"0930-1130","start":"0930","end":"1130","duration":2},"location":"ONLINE","flag":0,"remarks":"","ModCode":"MS4620","ModName":"POLYMER TECHNOLOGY*"},{"type":"LEC/STUDIO","group":"LE","day":"SAT","time":{"full":"0930-1130","start":"0930","end":"1130","duration":2},"location":"ONLINE","flag":0,"remarks":"","ModCode":"MS4620","ModName":"POLYMER TECHNOLOGY*"},{"type":"LEC/STUDIO","group":"LE","day":"SAT","time":{"full":"0900-1200","start":"0900","end":"1200","duration":3},"location":"SPMS-LT5","flag":0,"remarks":"Teaching Wk6","ModCode":"PH4411","ModName":"INTRODUCTION TO EXPERIMENTAL PARTICLE PHYSICS*"},{"type":"LEC/STUDIO","group":"LE","day":"SAT","time":{"full":"1400-1600","start":"1400","end":"1600","duration":2},"location":"SPMS-LT5","flag":0,"remarks":"Teaching Wk6","ModCode":"PH4411","ModName":"INTRODUCTION TO EXPERIMENTAL PARTICLE PHYSICS*"}]