[{"type":"","group":"1","day":"","time":{"full":"","start":"","end":"","duration":0},"location":"","flag":0,"remarks":" Online Course ","ModCode":"AB1402","ModName":"FOUNDATIONAL EXCEL*"},{"type":"","group":"","day":"","time":{"full":"","start":"","end":"","duration":0},"location":"","flag":0,"remarks":"Not conducted during Teaching Weeks Self-Paced Course Consultation Schedule Period 1","ModCode":"BS211S","ModName":"EQUATIONS OF LIFE"},{"type":"","group":"","day":"","time":{"full":"","start":"","end":"","duration":0},"location":"","flag":0,"remarks":"Not conducted during Teaching Weeks Self-Paced Course Consultation Schedule Period 1","ModCode":"BS211S","ModName":"EQUATIONS OF LIFE"},{"type":"","group":"","day":"","time":{"full":"","start":"","end":"","duration":0},"location":"","flag":0,"remarks":" Self-Paced Course Period 1","ModCode":"CM412S","ModName":"STRUCTURAL DETERMINATION"},{"type":"","group":"NBS","day":"","time":{"full":"","start":"","end":"","duration":0},"location":"","flag":0,"remarks":" Online Course ","ModCode":"ET0001","ModName":"ENTERPRISE & INNOVATION"},{"type":"","group":"CS","day":"","time":{"full":"","start":"","end":"","duration":0},"location":"","flag":0,"remarks":" Online Course ","ModCode":"ET0001","ModName":"ENTERPRISE & INNOVATION"},{"type":"","group":"SCSE","day":"","time":{"full":"","start":"","end":"","duration":0},"location":"","flag":0,"remarks":" Online Course ","ModCode":"ET0001","ModName":"ENTERPRISE & INNOVATION"},{"type":"","group":"MAT","day":"","time":{"full":"","start":"","end":"","duration":0},"location":"","flag":0,"remarks":" Online Course ","ModCode":"ET0001","ModName":"ENTERPRISE & INNOVATION"},{"type":"","group":"MAE","day":"","time":{"full":"","start":"","end":"","duration":0},"location":"","flag":0,"remarks":" Online Course ","ModCode":"ET0001","ModName":"ENTERPRISE & INNOVATION"},{"type":"","group":"CEE","day":"","time":{"full":"","start":"","end":"","duration":0},"location":"","flag":0,"remarks":" Online Course ","ModCode":"ET0001","ModName":"ENTERPRISE & INNOVATION"},{"type":"","group":"ENE","day":"","time":{"full":"","start":"","end":"","duration":0},"location":"","flag":0,"remarks":" Online Course ","ModCode":"ET0001","ModName":"ENTERPRISE & INNOVATION"},{"type":"","group":"EEE","day":"","time":{"full":"","start":"","end":"","duration":0},"location":"","flag":0,"remarks":" Online Course ","ModCode":"ET0001","ModName":"ENTERPRISE & INNOVATION"},{"type":"","group":"BIE","day":"","time":{"full":"","start":"","end":"","duration":0},"location":"","flag":0,"remarks":" Online Course ","ModCode":"ET0001","ModName":"ENTERPRISE & INNOVATION"},{"type":"","group":"CBE","day":"","time":{"full":"","start":"","end":"","duration":0},"location":"","flag":0,"remarks":" Online Course ","ModCode":"ET0001","ModName":"ENTERPRISE & INNOVATION"},{"type":"","group":"ASE","day":"","time":{"full":"","start":"","end":"","duration":0},"location":"","flag":0,"remarks":" Online Course ","ModCode":"ET0001","ModName":"ENTERPRISE & INNOVATION"},{"type":"","group":"NBS","day":"","time":{"full":"","start":"","end":"","duration":0},"location":"","flag":0,"remarks":" Online Course ","ModCode":"GC0001","ModName":"SUSTAINABILITY: SEEING THROUGH THE HAZE"},{"type":"","group":"CS","day":"","time":{"full":"","start":"","end":"","duration":0},"location":"","flag":0,"remarks":" Online Course ","ModCode":"GC0001","ModName":"SUSTAINABILITY: SEEING THROUGH THE HAZE"},{"type":"","group":"SCSE","day":"","time":{"full":"","start":"","end":"","duration":0},"location":"","flag":0,"remarks":" Online Course ","ModCode":"GC0001","ModName":"SUSTAINABILITY: SEEING THROUGH THE HAZE"},{"type":"","group":"MAT","day":"","time":{"full":"","start":"","end":"","duration":0},"location":"","flag":0,"remarks":" Online Course ","ModCode":"GC0001","ModName":"SUSTAINABILITY: SEEING THROUGH THE HAZE"},{"type":"","group":"MAE","day":"","time":{"full":"","start":"","end":"","duration":0},"location":"","flag":0,"remarks":" Online Course ","ModCode":"GC0001","ModName":"SUSTAINABILITY: SEEING THROUGH THE HAZE"},{"type":"","group":"CEE","day":"","time":{"full":"","start":"","end":"","duration":0},"location":"","flag":0,"remarks":" Online Course ","ModCode":"GC0001","ModName":"SUSTAINABILITY: SEEING THROUGH THE HAZE"},{"type":"","group":"ENE","day":"","time":{"full":"","start":"","end":"","duration":0},"location":"","flag":0,"remarks":" Online Course ","ModCode":"GC0001","ModName":"SUSTAINABILITY: SEEING THROUGH THE HAZE"},{"type":"","group":"EEE","day":"","time":{"full":"","start":"","end":"","duration":0},"location":"","flag":0,"remarks":" Online Course ","ModCode":"GC0001","ModName":"SUSTAINABILITY: SEEING THROUGH THE HAZE"},{"type":"","group":"LE","day":"","time":{"full":"","start":"","end":"","duration":0},"location":"","flag":0,"remarks":" Online Course ","ModCode":"GC0001","ModName":"SUSTAINABILITY: SEEING THROUGH THE HAZE"},{"type":"","group":"LE","day":"","time":{"full":"","start":"","end":"","duration":0},"location":"","flag":0,"remarks":" Online Course ","ModCode":"GC0001","ModName":"SUSTAINABILITY: SEEING THROUGH THE HAZE"},{"type":"","group":"LE","day":"","time":{"full":"","start":"","end":"","duration":0},"location":"","flag":0,"remarks":" Online Course ","ModCode":"GC0001","ModName":"SUSTAINABILITY: SEEING THROUGH THE HAZE"},{"type":"","group":"LE","day":"","time":{"full":"","start":"","end":"","duration":0},"location":"","flag":0,"remarks":" Online Course ","ModCode":"GC0001","ModName":"SUSTAINABILITY: SEEING THROUGH THE HAZE"},{"type":"","group":"BIE","day":"","time":{"full":"","start":"","end":"","duration":0},"location":"","flag":0,"remarks":" Online Course ","ModCode":"GC0001","ModName":"SUSTAINABILITY: SEEING THROUGH THE HAZE"},{"type":"","group":"CBE","day":"","time":{"full":"","start":"","end":"","duration":0},"location":"","flag":0,"remarks":" Online Course ","ModCode":"GC0001","ModName":"SUSTAINABILITY: SEEING THROUGH THE HAZE"},{"type":"","group":"MS","day":"","time":{"full":"","start":"","end":"","duration":0},"location":"","flag":0,"remarks":" Online Course ","ModCode":"GC0001","ModName":"SUSTAINABILITY: SEEING THROUGH THE HAZE"},{"type":"","group":"REP","day":"","time":{"full":"","start":"","end":"","duration":0},"location":"","flag":0,"remarks":" Online Course ","ModCode":"GC0001","ModName":"SUSTAINABILITY: SEEING THROUGH THE HAZE"},{"type":"","group":"NBS","day":"","time":{"full":"","start":"","end":"","duration":0},"location":"","flag":0,"remarks":" Online Course ","ModCode":"HY0001","ModName":"ETHICS & MORAL REASONING"},{"type":"","group":"CS","day":"","time":{"full":"","start":"","end":"","duration":0},"location":"","flag":0,"remarks":" Online Course ","ModCode":"HY0001","ModName":"ETHICS & MORAL REASONING"},{"type":"","group":"SCSE","day":"","time":{"full":"","start":"","end":"","duration":0},"location":"","flag":0,"remarks":" Online Course ","ModCode":"HY0001","ModName":"ETHICS & MORAL REASONING"},{"type":"","group":"LE","day":"","time":{"full":"","start":"","end":"","duration":0},"location":"","flag":0,"remarks":" Online Course ","ModCode":"HY0001","ModName":"ETHICS & MORAL REASONING"},{"type":"","group":"LE","day":"","time":{"full":"","start":"","end":"","duration":0},"location":"","flag":0,"remarks":" Online Course ","ModCode":"HY0001","ModName":"ETHICS & MORAL REASONING"},{"type":"","group":"LE","day":"","time":{"full":"","start":"","end":"","duration":0},"location":"","flag":0,"remarks":" Online Course ","ModCode":"HY0001","ModName":"ETHICS & MORAL REASONING"},{"type":"","group":"MAE","day":"","time":{"full":"","start":"","end":"","duration":0},"location":"","flag":0,"remarks":" Online Course ","ModCode":"HY0001","ModName":"ETHICS & MORAL REASONING"},{"type":"","group":"CEE","day":"","time":{"full":"","start":"","end":"","duration":0},"location":"","flag":0,"remarks":" Online Course ","ModCode":"HY0001","ModName":"ETHICS & MORAL REASONING"},{"type":"","group":"ENE","day":"","time":{"full":"","start":"","end":"","duration":0},"location":"","flag":0,"remarks":" Online Course ","ModCode":"HY0001","ModName":"ETHICS & MORAL REASONING"},{"type":"","group":"EEE","day":"","time":{"full":"","start":"","end":"","duration":0},"location":"","flag":0,"remarks":" Online Course ","ModCode":"HY0001","ModName":"ETHICS & MORAL REASONING"},{"type":"","group":"BIE","day":"","time":{"full":"","start":"","end":"","duration":0},"location":"","flag":0,"remarks":" Online Course ","ModCode":"HY0001","ModName":"ETHICS & MORAL REASONING"},{"type":"","group":"CBE","day":"","time":{"full":"","start":"","end":"","duration":0},"location":"","flag":0,"remarks":" Online Course ","ModCode":"HY0001","ModName":"ETHICS & MORAL REASONING"},{"type":"","group":"MS","day":"","time":{"full":"","start":"","end":"","duration":0},"location":"","flag":0,"remarks":" Online Course ","ModCode":"HY0001","ModName":"ETHICS & MORAL REASONING"},{"type":"","group":"REP","day":"","time":{"full":"","start":"","end":"","duration":0},"location":"","flag":0,"remarks":" Online Course ","ModCode":"HY0001","ModName":"ETHICS & MORAL REASONING"},{"type":"","group":"CS","day":"","time":{"full":"","start":"","end":"","duration":0},"location":"","flag":0,"remarks":" Online Course ","ModCode":"ML0001","ModName":"ABSOLUTE BASICS FOR CAREER"},{"type":"","group":"SBS","day":"","time":{"full":"","start":"","end":"","duration":0},"location":"","flag":0,"remarks":"Not conducted during Teaching Weeks Online Course ","ModCode":"ML0001","ModName":"ABSOLUTE BASICS FOR CAREER"},{"type":"","group":"SBS","day":"","time":{"full":"","start":"","end":"","duration":0},"location":"","flag":0,"remarks":"Not conducted during Teaching Weeks Online Course ","ModCode":"ML0001","ModName":"ABSOLUTE BASICS FOR CAREER"},{"type":"","group":"SBS","day":"","time":{"full":"","start":"","end":"","duration":0},"location":"","flag":0,"remarks":"Not conducted during Teaching Weeks Online Course ","ModCode":"ML0001","ModName":"ABSOLUTE BASICS FOR CAREER"},{"type":"","group":"SCSE","day":"","time":{"full":"","start":"","end":"","duration":0},"location":"","flag":0,"remarks":" Online Course ","ModCode":"ML0001","ModName":"ABSOLUTE BASICS FOR CAREER"},{"type":"","group":"MAT","day":"","time":{"full":"","start":"","end":"","duration":0},"location":"","flag":0,"remarks":" Online Course ","ModCode":"ML0001","ModName":"ABSOLUTE BASICS FOR CAREER"},{"type":"","group":"SOH","day":"","time":{"full":"","start":"","end":"","duration":0},"location":"","flag":0,"remarks":" Online Course ","ModCode":"ML0001","ModName":"ABSOLUTE BASICS FOR CAREER"},{"type":"","group":"SSS","day":"","time":{"full":"","start":"","end":"","duration":0},"location":"","flag":0,"remarks":" Online Course ","ModCode":"ML0001","ModName":"ABSOLUTE BASICS FOR CAREER"},{"type":"","group":"MAE","day":"","time":{"full":"","start":"","end":"","duration":0},"location":"","flag":0,"remarks":" Online Course ","ModCode":"ML0001","ModName":"ABSOLUTE BASICS FOR CAREER"},{"type":"","group":"EEE","day":"","time":{"full":"","start":"","end":"","duration":0},"location":"","flag":0,"remarks":" Online Course ","ModCode":"ML0001","ModName":"ABSOLUTE BASICS FOR CAREER"},{"type":"","group":"BIE","day":"","time":{"full":"","start":"","end":"","duration":0},"location":"","flag":0,"remarks":" Online Course ","ModCode":"ML0001","ModName":"ABSOLUTE BASICS FOR CAREER"},{"type":"","group":"MS","day":"","time":{"full":"","start":"","end":"","duration":0},"location":"","flag":0,"remarks":" Online Course ","ModCode":"ML0001","ModName":"ABSOLUTE BASICS FOR CAREER"},{"type":"","group":"ADM","day":"","time":{"full":"","start":"","end":"","duration":0},"location":"","flag":0,"remarks":"Not conducted during Teaching Weeks Online Course ","ModCode":"ML0001","ModName":"ABSOLUTE BASICS FOR CAREER"},{"type":"","group":"SSM","day":"","time":{"full":"","start":"","end":"","duration":0},"location":"","flag":0,"remarks":" Online Course ","ModCode":"ML0001","ModName":"ABSOLUTE BASICS FOR CAREER"},{"type":"","group":"SPMS","day":"","time":{"full":"","start":"","end":"","duration":0},"location":"","flag":0,"remarks":" Online Course ","ModCode":"ML0001","ModName":"ABSOLUTE BASICS FOR CAREER"},{"type":"","group":"ASE","day":"","time":{"full":"","start":"","end":"","duration":0},"location":"","flag":0,"remarks":" Online Course ","ModCode":"ML0001","ModName":"ABSOLUTE BASICS FOR CAREER"},{"type":"","group":"CS","day":"","time":{"full":"","start":"","end":"","duration":0},"location":"","flag":0,"remarks":" Online Course ","ModCode":"ML0002","ModName":"CAREER POWER UP!"},{"type":"","group":"SBS","day":"","time":{"full":"","start":"","end":"","duration":0},"location":"","flag":0,"remarks":"Not conducted during Teaching Weeks Online Course ","ModCode":"ML0002","ModName":"CAREER POWER UP!"},{"type":"","group":"SBS","day":"","time":{"full":"","start":"","end":"","duration":0},"location":"","flag":0,"remarks":"Not conducted during Teaching Weeks Online Course ","ModCode":"ML0002","ModName":"CAREER POWER UP!"},{"type":"","group":"SCSE","day":"","time":{"full":"","start":"","end":"","duration":0},"location":"","flag":0,"remarks":" Online Course ","ModCode":"ML0002","ModName":"CAREER POWER UP!"},{"type":"","group":"SCSE","day":"","time":{"full":"","start":"","end":"","duration":0},"location":"","flag":0,"remarks":" Online Course ","ModCode":"ML0002","ModName":"CAREER POWER UP!"},{"type":"","group":"MAT","day":"","time":{"full":"","start":"","end":"","duration":0},"location":"","flag":0,"remarks":" Online Course ","ModCode":"ML0002","ModName":"CAREER POWER UP!"},{"type":"","group":"SOH","day":"","time":{"full":"","start":"","end":"","duration":0},"location":"","flag":0,"remarks":" Online Course ","ModCode":"ML0002","ModName":"CAREER POWER UP!"},{"type":"","group":"SSS","day":"","time":{"full":"","start":"","end":"","duration":0},"location":"","flag":0,"remarks":" Online Course ","ModCode":"ML0002","ModName":"CAREER POWER UP!"},{"type":"","group":"MAE","day":"","time":{"full":"","start":"","end":"","duration":0},"location":"","flag":0,"remarks":" Online Course ","ModCode":"ML0002","ModName":"CAREER POWER UP!"},{"type":"","group":"CEE","day":"","time":{"full":"","start":"","end":"","duration":0},"location":"","flag":0,"remarks":" Online Course ","ModCode":"ML0002","ModName":"CAREER POWER UP!"},{"type":"","group":"ENE","day":"","time":{"full":"","start":"","end":"","duration":0},"location":"","flag":0,"remarks":" Online Course ","ModCode":"ML0002","ModName":"CAREER POWER UP!"},{"type":"","group":"EEE","day":"","time":{"full":"","start":"","end":"","duration":0},"location":"","flag":0,"remarks":" Online Course ","ModCode":"ML0002","ModName":"CAREER POWER UP!"},{"type":"","group":"SCBE","day":"","time":{"full":"","start":"","end":"","duration":0},"location":"","flag":0,"remarks":" Online Course ","ModCode":"ML0002","ModName":"CAREER POWER UP!"},{"type":"","group":"MS","day":"","time":{"full":"","start":"","end":"","duration":0},"location":"","flag":0,"remarks":" Online Course ","ModCode":"ML0002","ModName":"CAREER POWER UP!"},{"type":"","group":"ADM","day":"","time":{"full":"","start":"","end":"","duration":0},"location":"","flag":0,"remarks":" Online Course ","ModCode":"ML0002","ModName":"CAREER POWER UP!"},{"type":"","group":"SSM","day":"","time":{"full":"","start":"","end":"","duration":0},"location":"","flag":0,"remarks":" Online Course ","ModCode":"ML0002","ModName":"CAREER POWER UP!"},{"type":"","group":"ASE","day":"","time":{"full":"","start":"","end":"","duration":0},"location":"","flag":0,"remarks":" Online Course ","ModCode":"ML0002","ModName":"CAREER POWER UP!"},{"type":"","group":"REP","day":"","time":{"full":"","start":"","end":"","duration":0},"location":"","flag":0,"remarks":" Online Course ","ModCode":"ML0002","ModName":"CAREER POWER UP!"}]